{
	"image_size":[512,640],
	"intrinsic_matrix":[
		[1065.219405563498,0,338.7676093957772],
		[0,1063.296478573221,279.4882898937533],
		[0,0,1]
	],
	"radial_distortion":[-0.2340775545500793,-0.5665632921294036,0.004062192811350365],
	"tangential_distortion":[0.000106001902430074,0.002213359000726116]
}
