{
	"image_size":[512,640],
	"intrinsic_matrix":[
		[1089.065793067645,0,346.1577602794902],
		[0,1086.106974991652,247.9091443427228],
		[0,0,1]
	],
	"radial_distortion":[-0.2208133185181782,-1.418199305019361,6.643013366797638],
	"tangential_distortion":[0.001877540720484999,0.001515915122744577]
}
