{
	"image_size":[512,640],
	"intrinsic_matrix":[
		[1047.221708782153,0,344.1866920729518],
		[0,1046.170865822094,267.3804617696962],
		[0,0,1]
	],
	"radial_distortion":[-0.1963644322136939,-1.412737303670895,6.379782955084941],
	"tangential_distortion":[-0.002730717208947142,0.002367600068370235]
}
