{
	"image_size":[510,960],
	"intrinsic_matrix":[
		[948.2282127761661,0,473.0653072897894],
		[0,947.9777149369811,264.045433464529],
		[0,0,1]
	],
	"radial_distortion":[-0.5496186297329675,0.43237847615567,-0.6272254319908335],
	"tangential_distortion":[0.0006429566694997225,0.003186812989168446]
}
