{
	"image_size":[510,960],
	"intrinsic_matrix":[
		[990.1423019264267,0,479.5298113129775],
		[0,988.780683582274,249.072061811745],
		[0,0,1]
	],
	"radial_distortion":[-0.5688585509482504,-0.3214573740245038,6.025670047464362],
	"tangential_distortion":[0.00890969561346114,0.001755692515170208]
}
