{
	"image_size":[510,960],
	"intrinsic_matrix":[
		[937.9014992618813,0,485.9919790657815],
		[0,938.388349922254,266.8266953095571],
		[0,0,1]
	],
	"radial_distortion":[-0.5346423331644943,0.2935992887546102,-0.06397692518056176],
	"tangential_distortion":[-0.0005629419657347967,0.001890063081792491]
}
