{
	"image_size":[512,640],
	"intrinsic_matrix":[
		[1050.436703547419,0,350.9772263190995],
		[0,1045.872799133499,249.7119971602111],
		[0,0,1]
	],
	"radial_distortion":[-0.2774645394526546,-0.4282495018239373,1.476302435906403],
	"tangential_distortion":[0.002029909160381412,-0.0001296907722516912]
}
