{
	"image_size":[510,960],
	"intrinsic_matrix":[
		[949.4742216314725,0,490.8374747598107],
		[0,949.9375409957987,265.4230198134573],
		[0,0,1]
	],
	"radial_distortion":[-0.5570473243940693,0.3907799394721733,-0.2501290961171466],
	"tangential_distortion":[-0.0004697730426716802,0.0008565191175478564]
}
