{
	"image_size":[512,640],
	"intrinsic_matrix":[
		[1096.909240780998,0,334.6177900585507],
		[0,1095.15456853473,274.8841631865563],
		[0,0,1]
	],
	"radial_distortion":[-0.1789588222165744,-1.241915604782587,2.303531066454819],
	"tangential_distortion":[-0.0008587112156496993,0.003253773926458892]
}
