{
	"image_size":[510,960],
	"intrinsic_matrix":[
		[969.7477976288776,0,483.600471965415],
		[0,970.1437863148152,254.1325926110294],
		[0,0,1]
	],
	"radial_distortion":[-0.5506133299426371,0.1042268507766657,0.4819934470112303],
	"tangential_distortion":[0.006661019332588761,0.0003803780776099838]
}
