{
	"image_size":[510,960],
	"intrinsic_matrix":[
		[955.8981283528707,0,494.8834538764977],
		[0,956.2407184463701,277.0924918137546],
		[0,0,1]
	],
	"radial_distortion":[-0.5667872597728414,0.2567184774192482,0.7230646981101102],
	"tangential_distortion":[-0.001849351188630134,-0.005061854092753285]
}
