{
	"image_size":[510,960],
	"intrinsic_matrix":[
		[972.8645158635466,0,483.7069799361155],
		[0,973.3596699659818,257.0399835717566],
		[0,0,1]
	],
	"radial_distortion":[-0.5448226064873628,0.06458721305670062,0.5383265556386296],
	"tangential_distortion":[0.00537116019340524,0.0002322910421932558]
}
