{
	"image_size":[510,960],
	"intrinsic_matrix":[
		[953.3487148641391,0,497.692169310543],
		[0,953.1692058723303,283.8867312276785],
		[0,0,1]
	],
	"radial_distortion":[-0.6024978743159712,0.730028383622074,-1.379191156651704],
	"tangential_distortion":[-0.003285934027051631,-0.005763796963020708]
}
