{
	"image_size":[512,640],
	"intrinsic_matrix":[
		[1273.783477168331,0,373.2774094238477],
		[0,1270.723161641219,173.5542722427081],
		[0,0,1]
	],
	"radial_distortion":[-0.128710320630552,-6.05321551753007,33.88776319114573],
	"tangential_distortion":[0.02458080603810756,-0.01963647929096789]
}
