{
	"image_size":[510,960],
	"intrinsic_matrix":[
		[982.9938575092855,0,484.1387274452704],
		[0,979.8635936064886,274.4410939445686],
		[0,0,1]
	],
	"radial_distortion":[-0.6088100967627111,0.4235981577589312,-0.1770932855902711],
	"tangential_distortion":[0.003503088797670617,0.002863582439435615]
}
