{
	"image_size":[510,960],
	"intrinsic_matrix":[
		[967.5263524358246,0,473.9785988211945],
		[0,963.8101353678761,264.2875472800138],
		[0,0,1]
	],
	"radial_distortion":[-0.5945438399227739,0.4396300541280113,-0.2545653568444122],
	"tangential_distortion":[0.0046203063063809,0.001822351323099125]
}
