{
	"image_size":[510,960],
	"intrinsic_matrix":[
		[970.4716401633082,0,471.6781164005615],
		[0,966.7938400469139,262.1296528824896],
		[0,0,1]
	],
	"radial_distortion":[-0.5965121832915485,0.4524258541130836,-0.2836715640891358],
	"tangential_distortion":[0.004963267434144074,0.002513933156033107]
}
