{
	"image_size":[510,960],
	"intrinsic_matrix":[
		[966.5322423228207,0,475.129297495265],
		[0,962.5529460835834,264.8810288692003],
		[0,0,1]
	],
	"radial_distortion":[-0.5962010541799315,0.4439358050682852,-0.2546974943174016],
	"tangential_distortion":[0.004432203246816011,0.001499304652899762]
}
