{
	"image_size":[510,960],
	"intrinsic_matrix":[
		[984.0899821831739,0,482.1943388685928],
		[0,981.6868665795148,277.5315993589384],
		[0,0,1]
	],
	"radial_distortion":[-0.6119041935798102,0.4521363888374819,-0.2488331519238205],
	"tangential_distortion":[0.002671475557392291,0.003842394231443376]
}
