{
	"image_size":[510,960],
	"intrinsic_matrix":[
		[983.144463841776,0,483.906485320855],
		[0,980.1817878391855,275.2414528671367],
		[0,0,1]
	],
	"radial_distortion":[-0.6101431238441027,0.4223724432353,-0.1685311661636519],
	"tangential_distortion":[0.003252352291516415,0.003167877777017897]
}
